UPLCODIGO,LOCNOMBRE,UPLNOMBRE,Localidad,delta_petro_1v_pp,delta_petro_2v_pp,sit_vs_1v22,sit_vs_2v22,votos_petro_1v22,votos_cepeda_1v26
UPR1,SUBA,UPR ZONA NORTE,SUBA,-0.05,-0.169,🔴 Menos votos que Petro 1v,🔴 Menos votos que Petro 2v,206995.0,202720.0
UPR3,CIUDAD BOLIVAR,UPR RIO TUNJUELO,,,,,,,
UPR4,SUMAPAZ,UPR RIO BLANCO,SUMAPAZ,-0.03,-0.07200000000000001,🌸 Más votos que Petro 1v,🌸 Más votos que Petro 2v,1409.0,1664.0
UPR5,SUMAPAZ,UPR RIO SUMAPAZ,SUMAPAZ,-0.03,-0.07200000000000001,🌸 Más votos que Petro 1v,🌸 Más votos que Petro 2v,1409.0,1664.0
UPZ1,USAQUEN,PASEO DE LOS LIBERTADORES,,,,,,,
UPZ10,USAQUEN,LA URIBE,,,,,,,
UPZ100,TEUSAQUILLO,GALERIAS,TEUSAQUILLO,-0.063,-0.188,🔴 Menos votos que Petro 1v,🔴 Menos votos que Petro 2v,69237.0,38358.0
UPZ101,TEUSAQUILLO,TEUSAQUILLO,TEUSAQUILLO,-0.063,-0.188,🔴 Menos votos que Petro 1v,🔴 Menos votos que Petro 2v,69237.0,38358.0
UPZ102,LOS MARTIRES,LA SABANA,,,,,,,
UPZ103,BARRIOS UNIDOS,PARQUE SALITRE,BARRIOS UNIDOS,-0.05599999999999999,-0.173,🔴 Menos votos que Petro 1v,🔴 Menos votos que Petro 2v,35529.0,31679.0
UPZ104,TEUSAQUILLO,PARQUE SIMON BOLIVAR - CAN,TEUSAQUILLO,-0.063,-0.188,🔴 Menos votos que Petro 1v,🔴 Menos votos que Petro 2v,69237.0,38358.0
UPZ105,ENGATIVA,JARDIN BOTANICO,,,,,,,
UPZ106,TEUSAQUILLO,LA ESMERALDA,TEUSAQUILLO,-0.063,-0.188,🔴 Menos votos que Petro 1v,🔴 Menos votos que Petro 2v,69237.0,38358.0
UPZ107,TEUSAQUILLO,QUINTA PAREDES,TEUSAQUILLO,-0.063,-0.188,🔴 Menos votos que Petro 1v,🔴 Menos votos que Petro 2v,69237.0,38358.0
UPZ108,PUENTE ARANDA,ZONA INDUSTRIAL,PUENTE ARANDA,-0.069,-0.185,🔴 Menos votos que Petro 1v,🔴 Menos votos que Petro 2v,62359.0,54917.0
UPZ109,TEUSAQUILLO,CIUDAD SALITRE ORIENTAL,TEUSAQUILLO,-0.063,-0.188,🔴 Menos votos que Petro 1v,🔴 Menos votos que Petro 2v,69237.0,38358.0
UPZ11,USAQUEN,SAN CRISTOBAL NORTE,,,,,,,
UPZ110,FONTIBON,CIUDAD SALITRE OCCIDENTAL,FONTIBON,-0.066,-0.194,🌸 Más votos que Petro 1v,🔴 Menos votos que Petro 2v,81083.0,81092.0
UPZ111,PUENTE ARANDA,PUENTE ARANDA,PUENTE ARANDA,-0.069,-0.185,🔴 Menos votos que Petro 1v,🔴 Menos votos que Petro 2v,62359.0,54917.0
UPZ112,FONTIBON,GRANJAS DE TECHO,FONTIBON,-0.066,-0.194,🌸 Más votos que Petro 1v,🔴 Menos votos que Petro 2v,81083.0,81092.0
UPZ113,KENNEDY,BAVARIA,KENNEDY,-0.063,-0.188,🔴 Menos votos que Petro 1v,🔴 Menos votos que Petro 2v,237243.0,228375.0
UPZ114,FONTIBON,MODELIA,FONTIBON,-0.066,-0.194,🌸 Más votos que Petro 1v,🔴 Menos votos que Petro 2v,81083.0,81092.0
UPZ115,FONTIBON,CAPELLANIA,FONTIBON,-0.066,-0.194,🌸 Más votos que Petro 1v,🔴 Menos votos que Petro 2v,81083.0,81092.0
UPZ116,ENGATIVA,ALAMOS,,,,,,,
UPZ12,USAQUEN,TOBERIN,,,,,,,
UPZ13,USAQUEN,LOS CEDROS,,,,,,,
UPZ14,USAQUEN,USAQUEN,,,,,,,
UPZ15,USAQUEN,COUNTRY CLUB,,,,,,,
UPZ16,USAQUEN,SANTA BARBARA,,,,,,,
UPZ17,SUBA,SAN JOSE DE BAVARIA,SUBA,-0.05,-0.169,🔴 Menos votos que Petro 1v,🔴 Menos votos que Petro 2v,206995.0,202720.0
UPZ18,SUBA,BRITALIA,SUBA,-0.05,-0.169,🔴 Menos votos que Petro 1v,🔴 Menos votos que Petro 2v,206995.0,202720.0
UPZ19,SUBA,EL PRADO,SUBA,-0.05,-0.169,🔴 Menos votos que Petro 1v,🔴 Menos votos que Petro 2v,206995.0,202720.0
UPZ20,SUBA,LA ALHAMBRA,SUBA,-0.05,-0.169,🔴 Menos votos que Petro 1v,🔴 Menos votos que Petro 2v,206995.0,202720.0
UPZ21,BARRIOS UNIDOS,LOS ANDES,BARRIOS UNIDOS,-0.05599999999999999,-0.173,🔴 Menos votos que Petro 1v,🔴 Menos votos que Petro 2v,35529.0,31679.0
UPZ22,BARRIOS UNIDOS,DOCE DE OCTUBRE,BARRIOS UNIDOS,-0.05599999999999999,-0.173,🔴 Menos votos que Petro 1v,🔴 Menos votos que Petro 2v,35529.0,31679.0
UPZ23,SUBA,CASA BLANCA SUBA,SUBA,-0.05,-0.169,🔴 Menos votos que Petro 1v,🔴 Menos votos que Petro 2v,206995.0,202720.0
UPZ24,SUBA,NIZA,SUBA,-0.05,-0.169,🔴 Menos votos que Petro 1v,🔴 Menos votos que Petro 2v,206995.0,202720.0
UPZ25,SUBA,LA FLORESTA,SUBA,-0.05,-0.169,🔴 Menos votos que Petro 1v,🔴 Menos votos que Petro 2v,206995.0,202720.0
UPZ26,ENGATIVA,LAS FERIAS,,,,,,,
UPZ27,SUBA,SUBA,SUBA,-0.05,-0.169,🔴 Menos votos que Petro 1v,🔴 Menos votos que Petro 2v,206995.0,202720.0
UPZ28,SUBA,EL RINCON,SUBA,-0.05,-0.169,🔴 Menos votos que Petro 1v,🔴 Menos votos que Petro 2v,206995.0,202720.0
UPZ29,ENGATIVA,MINUTO DE DIOS,,,,,,,
UPZ3,SUBA,GUAYMARAL,SUBA,-0.05,-0.169,🔴 Menos votos que Petro 1v,🔴 Menos votos que Petro 2v,206995.0,202720.0
UPZ30,ENGATIVA,BOYACA REAL,,,,,,,
UPZ31,ENGATIVA,SANTA CECILIA,,,,,,,
UPZ32,SAN CRISTOBAL,SAN BLAS,,,,,,,
UPZ33,SAN CRISTOBAL,SOSIEGO,,,,,,,
UPZ34,SAN CRISTOBAL,20 DE JULIO,,,,,,,
UPZ35,ANTONIO NARIÑO,CIUDAD JARDIN,ANTONIO NARIÑO,-0.07200000000000001,-0.188,🔴 Menos votos que Petro 1v,🔴 Menos votos que Petro 2v,32063.0,27241.0
UPZ36,RAFAEL URIBE URIBE,SAN JOSE,RAFAEL URIBE URIBE,-0.061,-0.188,🔴 Menos votos que Petro 1v,🔴 Menos votos que Petro 2v,94893.0,88781.0
UPZ37,LOS MARTIRES,SANTA ISABEL,,,,,,,
UPZ38,ANTONIO NARIÑO,RESTREPO,ANTONIO NARIÑO,-0.07200000000000001,-0.188,🔴 Menos votos que Petro 1v,🔴 Menos votos que Petro 2v,32063.0,27241.0
UPZ39,RAFAEL URIBE URIBE,QUIROGA,RAFAEL URIBE URIBE,-0.061,-0.188,🔴 Menos votos que Petro 1v,🔴 Menos votos que Petro 2v,94893.0,88781.0
UPZ40,PUENTE ARANDA,CIUDAD MONTES,PUENTE ARANDA,-0.069,-0.185,🔴 Menos votos que Petro 1v,🔴 Menos votos que Petro 2v,62359.0,54917.0
UPZ41,PUENTE ARANDA,MUZU,PUENTE ARANDA,-0.069,-0.185,🔴 Menos votos que Petro 1v,🔴 Menos votos que Petro 2v,62359.0,54917.0
UPZ42,TUNJUELITO,VENECIA,TUNJUELITO,-0.067,-0.192,🔴 Menos votos que Petro 1v,🔴 Menos votos que Petro 2v,54025.0,49472.0
UPZ43,PUENTE ARANDA,SAN RAFAEL,PUENTE ARANDA,-0.069,-0.185,🔴 Menos votos que Petro 1v,🔴 Menos votos que Petro 2v,62359.0,54917.0
UPZ44,KENNEDY,AMERICAS,KENNEDY,-0.063,-0.188,🔴 Menos votos que Petro 1v,🔴 Menos votos que Petro 2v,237243.0,228375.0
UPZ45,KENNEDY,CARVAJAL,KENNEDY,-0.063,-0.188,🔴 Menos votos que Petro 1v,🔴 Menos votos que Petro 2v,237243.0,228375.0
UPZ46,KENNEDY,CASTILLA,KENNEDY,-0.063,-0.188,🔴 Menos votos que Petro 1v,🔴 Menos votos que Petro 2v,237243.0,228375.0
UPZ47,KENNEDY,KENNEDY CENTRAL,KENNEDY,-0.063,-0.188,🔴 Menos votos que Petro 1v,🔴 Menos votos que Petro 2v,237243.0,228375.0
UPZ48,KENNEDY,TIMIZA,KENNEDY,-0.063,-0.188,🔴 Menos votos que Petro 1v,🔴 Menos votos que Petro 2v,237243.0,228375.0
UPZ49,BOSA,APOGEO,BOSA,-0.05,-0.172,🌸 Más votos que Petro 1v,🔴 Menos votos que Petro 2v,178923.0,186254.0
UPZ50,SAN CRISTOBAL,LA GLORIA,,,,,,,
UPZ51,SAN CRISTOBAL,LOS LIBERTADORES,,,,,,,
UPZ52,USME,LA FLORA,USME,-0.045,-0.166,🌸 Más votos que Petro 1v,🔴 Menos votos que Petro 2v,96449.0,99725.0
UPZ53,RAFAEL URIBE URIBE,MARCO FIDEL SUAREZ,RAFAEL URIBE URIBE,-0.061,-0.188,🔴 Menos votos que Petro 1v,🔴 Menos votos que Petro 2v,94893.0,88781.0
UPZ54,RAFAEL URIBE URIBE,MARRUECOS,RAFAEL URIBE URIBE,-0.061,-0.188,🔴 Menos votos que Petro 1v,🔴 Menos votos que Petro 2v,94893.0,88781.0
UPZ55,RAFAEL URIBE URIBE,DIANA TURBAY,RAFAEL URIBE URIBE,-0.061,-0.188,🔴 Menos votos que Petro 1v,🔴 Menos votos que Petro 2v,94893.0,88781.0
UPZ56,USME,DANUBIO,USME,-0.045,-0.166,🌸 Más votos que Petro 1v,🔴 Menos votos que Petro 2v,96449.0,99725.0
UPZ57,USME,GRAN YOMASA,USME,-0.045,-0.166,🌸 Más votos que Petro 1v,🔴 Menos votos que Petro 2v,96449.0,99725.0
UPZ58,USME,COMUNEROS,USME,-0.045,-0.166,🌸 Más votos que Petro 1v,🔴 Menos votos que Petro 2v,96449.0,99725.0
UPZ59,USME,ALFONSO LOPEZ,USME,-0.045,-0.166,🌸 Más votos que Petro 1v,🔴 Menos votos que Petro 2v,96449.0,99725.0
UPZ61,USME,CIUDAD USME,USME,-0.045,-0.166,🌸 Más votos que Petro 1v,🔴 Menos votos que Petro 2v,96449.0,99725.0
UPZ62,TUNJUELITO,TUNJUELITO,TUNJUELITO,-0.067,-0.192,🔴 Menos votos que Petro 1v,🔴 Menos votos que Petro 2v,54025.0,49472.0
UPZ65,CIUDAD BOLIVAR,ARBORIZADORA,,,,,,,
UPZ66,CIUDAD BOLIVAR,SAN FRANCISCO,,,,,,,
UPZ67,CIUDAD BOLIVAR,LUCERO,,,,,,,
UPZ68,CIUDAD BOLIVAR,EL TESORO,,,,,,,
UPZ69,CIUDAD BOLIVAR,ISMAEL PERDOMO,,,,,,,
UPZ70,CIUDAD BOLIVAR,JERUSALEM,,,,,,,
UPZ71,SUBA,TIBABUYES,SUBA,-0.05,-0.169,🔴 Menos votos que Petro 1v,🔴 Menos votos que Petro 2v,206995.0,202720.0
UPZ72,ENGATIVA,BOLIVIA,,,,,,,
UPZ73,ENGATIVA,GARCES NAVAS,,,,,,,
UPZ74,ENGATIVA,ENGATIVA,,,,,,,
UPZ75,FONTIBON,FONTIBON,FONTIBON,-0.066,-0.194,🌸 Más votos que Petro 1v,🔴 Menos votos que Petro 2v,81083.0,81092.0
UPZ76,FONTIBON,FONTIBON SAN PABLO,FONTIBON,-0.066,-0.194,🌸 Más votos que Petro 1v,🔴 Menos votos que Petro 2v,81083.0,81092.0
UPZ78,KENNEDY,TINTAL NORTE,KENNEDY,-0.063,-0.188,🔴 Menos votos que Petro 1v,🔴 Menos votos que Petro 2v,237243.0,228375.0
UPZ79,KENNEDY,CALANDAIMA,KENNEDY,-0.063,-0.188,🔴 Menos votos que Petro 1v,🔴 Menos votos que Petro 2v,237243.0,228375.0
UPZ80,KENNEDY,CORABASTOS,KENNEDY,-0.063,-0.188,🔴 Menos votos que Petro 1v,🔴 Menos votos que Petro 2v,237243.0,228375.0
UPZ81,KENNEDY,GRAN BRITALIA,KENNEDY,-0.063,-0.188,🔴 Menos votos que Petro 1v,🔴 Menos votos que Petro 2v,237243.0,228375.0
UPZ82,KENNEDY,PATIO BONITO,KENNEDY,-0.063,-0.188,🔴 Menos votos que Petro 1v,🔴 Menos votos que Petro 2v,237243.0,228375.0
UPZ83,KENNEDY,LAS MARGARITAS,KENNEDY,-0.063,-0.188,🔴 Menos votos que Petro 1v,🔴 Menos votos que Petro 2v,237243.0,228375.0
UPZ84,BOSA,BOSA OCCIDENTAL,BOSA,-0.05,-0.172,🌸 Más votos que Petro 1v,🔴 Menos votos que Petro 2v,178923.0,186254.0
UPZ85,BOSA,BOSA CENTRAL,BOSA,-0.05,-0.172,🌸 Más votos que Petro 1v,🔴 Menos votos que Petro 2v,178923.0,186254.0
UPZ86,BOSA,EL PORVENIR,BOSA,-0.05,-0.172,🌸 Más votos que Petro 1v,🔴 Menos votos que Petro 2v,178923.0,186254.0
UPZ87,BOSA,TINTAL SUR,BOSA,-0.05,-0.172,🌸 Más votos que Petro 1v,🔴 Menos votos que Petro 2v,178923.0,186254.0
UPZ88,CHAPINERO,EL REFUGIO,CHAPINERO,-0.044,-0.148,🔴 Menos votos que Petro 1v,🔴 Menos votos que Petro 2v,29796.0,27739.0
UPZ89,CHAPINERO,SAN ISIDRO - PATIOS,CHAPINERO,-0.044,-0.148,🔴 Menos votos que Petro 1v,🔴 Menos votos que Petro 2v,29796.0,27739.0
UPZ9,USAQUEN,VERBENAL,,,,,,,
UPZ90,CHAPINERO,PARDO RUBIO,CHAPINERO,-0.044,-0.148,🔴 Menos votos que Petro 1v,🔴 Menos votos que Petro 2v,29796.0,27739.0
UPZ91,SANTA FE,SAGRADO CORAZON,SANTA FE,-0.057,-0.175,🔴 Menos votos que Petro 1v,🔴 Menos votos que Petro 2v,30652.0,30303.0
UPZ92,SANTA FE,LA MACARENA,SANTA FE,-0.057,-0.175,🔴 Menos votos que Petro 1v,🔴 Menos votos que Petro 2v,30652.0,30303.0
UPZ93,SANTA FE,LAS NIEVES,SANTA FE,-0.057,-0.175,🔴 Menos votos que Petro 1v,🔴 Menos votos que Petro 2v,30652.0,30303.0
UPZ94,CANDELARIA,LA CANDELARIA,CANDELARIA,-0.043,-0.155,🔴 Menos votos que Petro 1v,🔴 Menos votos que Petro 2v,13755.0,13162.0
UPZ95,SANTA FE,LAS CRUCES,SANTA FE,-0.057,-0.175,🔴 Menos votos que Petro 1v,🔴 Menos votos que Petro 2v,30652.0,30303.0
UPZ96,SANTA FE,LOURDES,SANTA FE,-0.057,-0.175,🔴 Menos votos que Petro 1v,🔴 Menos votos que Petro 2v,30652.0,30303.0
UPZ97,CHAPINERO,CHICO LAGO,CHAPINERO,-0.044,-0.148,🔴 Menos votos que Petro 1v,🔴 Menos votos que Petro 2v,29796.0,27739.0
UPZ98,BARRIOS UNIDOS,LOS ALCAZARES,BARRIOS UNIDOS,-0.05599999999999999,-0.173,🔴 Menos votos que Petro 1v,🔴 Menos votos que Petro 2v,35529.0,31679.0
UPZ99,CHAPINERO,CHAPINERO,CHAPINERO,-0.044,-0.148,🔴 Menos votos que Petro 1v,🔴 Menos votos que Petro 2v,29796.0,27739.0
