UPLCODIGO,UPLNOMBRE,LOCNOMBRE,TOTAL_VOTOS,GANADOR,VOTOS_GANADOR,PCT_GANADOR,SEGUNDO,VOTOS_SEGUNDO,PCT_SEGUNDO,DIFERENCIA_VOTOS,MARGEN_AJUSTADO,CATEGORIA
UPZ85,BOSA CENTRAL,BOSA,147589,IVÁN CEPEDA CASTRO,85431,57.88,ABELARDO DE LA ESPRIELLA,40681,27.56,44750,30.32,Seguro
UPZ28,EL RINCON,SUBA,120856,IVÁN CEPEDA CASTRO,55868,46.23,ABELARDO DE LA ESPRIELLA,43412,35.92,12456,10.31,Competido
UPZ71,TIBABUYES,SUBA,114757,IVÁN CEPEDA CASTRO,56823,49.52,ABELARDO DE LA ESPRIELLA,38374,33.44,18449,16.08,Competido
UPZ73,GARCES NAVAS,ENGATIVA,87152,ABELARDO DE LA ESPRIELLA,35039,40.2,IVÁN CEPEDA CASTRO,34045,39.06,994,1.14,Empate técnico
UPZ13,LOS CEDROS,USAQUEN,86499,ABELARDO DE LA ESPRIELLA,48362,55.91,IVÁN CEPEDA CASTRO,15532,17.96,32830,37.95,Seguro
UPZ75,FONTIBON,FONTIBON,86182,IVÁN CEPEDA CASTRO,37009,42.94,ABELARDO DE LA ESPRIELLA,33092,38.4,3917,4.55,Empate técnico
UPZ30,BOYACA REAL,ENGATIVA,84097,ABELARDO DE LA ESPRIELLA,34906,41.51,IVÁN CEPEDA CASTRO,31923,37.96,2983,3.55,Empate técnico
UPZ27,SUBA,SUBA,83383,ABELARDO DE LA ESPRIELLA,33802,40.54,IVÁN CEPEDA CASTRO,32618,39.12,1184,1.42,Empate técnico
UPZ82,PATIO BONITO,KENNEDY,79890,IVÁN CEPEDA CASTRO,41596,52.07,ABELARDO DE LA ESPRIELLA,26003,32.55,15593,19.52,Competido
UPZ69,ISMAEL PERDOMO,CIUDAD BOLIVAR,72152,IVÁN CEPEDA CASTRO,41846,58.0,ABELARDO DE LA ESPRIELLA,19768,27.4,22078,30.6,Seguro
UPZ47,KENNEDY CENTRAL,KENNEDY,71754,IVÁN CEPEDA CASTRO,33146,46.19,ABELARDO DE LA ESPRIELLA,26310,36.67,6836,9.53,Competido
UPZ42,VENECIA,TUNJUELITO,71270,IVÁN CEPEDA CASTRO,34272,48.09,ABELARDO DE LA ESPRIELLA,25025,35.11,9247,12.97,Competido
UPZ24,NIZA,SUBA,69090,ABELARDO DE LA ESPRIELLA,37196,53.84,IVÁN CEPEDA CASTRO,14025,20.3,23171,33.54,Seguro
UPZ84,BOSA OCCIDENTAL,BOSA,68757,IVÁN CEPEDA CASTRO,37899,55.12,ABELARDO DE LA ESPRIELLA,20343,29.59,17556,25.53,Seguro
UPZ48,TIMIZA,KENNEDY,68426,IVÁN CEPEDA CASTRO,32752,47.86,ABELARDO DE LA ESPRIELLA,23919,34.96,8833,12.91,Competido
UPZ57,GRAN YOMASA,USME,64481,IVÁN CEPEDA CASTRO,38859,60.26,ABELARDO DE LA ESPRIELLA,16371,25.39,22488,34.88,Seguro
UPZ29,MINUTO DE DIOS,ENGATIVA,61722,IVÁN CEPEDA CASTRO,24791,40.17,ABELARDO DE LA ESPRIELLA,24437,39.59,354,0.57,Empate técnico
UPZ23,CASA BLANCA SUBA,SUBA,60454,ABELARDO DE LA ESPRIELLA,34632,57.29,IVÁN CEPEDA CASTRO,10005,16.55,24627,40.74,Seguro
UPZ46,CASTILLA,KENNEDY,60428,ABELARDO DE LA ESPRIELLA,25508,42.21,IVÁN CEPEDA CASTRO,22886,37.87,2622,4.34,Empate técnico
UPZ40,CIUDAD MONTES,PUENTE ARANDA,58402,ABELARDO DE LA ESPRIELLA,26120,44.72,IVÁN CEPEDA CASTRO,20876,35.75,5244,8.98,Competido
UPZ72,BOLIVIA,ENGATIVA,55835,ABELARDO DE LA ESPRIELLA,23500,42.09,IVÁN CEPEDA CASTRO,19422,34.78,4078,7.3,Competido
UPZ39,QUIROGA,RAFAEL URIBE URIBE,55753,IVÁN CEPEDA CASTRO,26508,47.55,ABELARDO DE LA ESPRIELLA,19876,35.65,6632,11.9,Competido
UPZ26,LAS FERIAS,ENGATIVA,54191,ABELARDO DE LA ESPRIELLA,22041,40.67,IVÁN CEPEDA CASTRO,20777,38.34,1264,2.33,Empate técnico
UPZ67,LUCERO,CIUDAD BOLIVAR,53215,IVÁN CEPEDA CASTRO,32977,61.97,ABELARDO DE LA ESPRIELLA,13378,25.14,19599,36.83,Seguro
UPZ74,ENGATIVA,ENGATIVA,51903,IVÁN CEPEDA CASTRO,24471,47.15,ABELARDO DE LA ESPRIELLA,18405,35.46,6066,11.69,Competido
UPZ65,ARBORIZADORA,CIUDAD BOLIVAR,51224,IVÁN CEPEDA CASTRO,26998,52.71,ABELARDO DE LA ESPRIELLA,15758,30.76,11240,21.94,Seguro
UPZ34,20 DE JULIO,SAN CRISTOBAL,49752,IVÁN CEPEDA CASTRO,27052,54.37,ABELARDO DE LA ESPRIELLA,14610,29.37,12442,25.01,Seguro
UPZ9,VERBENAL,USAQUEN,49607,ABELARDO DE LA ESPRIELLA,20005,40.33,IVÁN CEPEDA CASTRO,19618,39.55,387,0.78,Empate técnico
UPZ38,RESTREPO,ANTONIO NARIÑO,48512,ABELARDO DE LA ESPRIELLA,19949,41.12,IVÁN CEPEDA CASTRO,19544,40.29,405,0.83,Empate técnico
UPZ66,SAN FRANCISCO,CIUDAD BOLIVAR,46150,IVÁN CEPEDA CASTRO,26553,57.54,ABELARDO DE LA ESPRIELLA,12766,27.66,13787,29.87,Seguro
UPZ50,LA GLORIA,SAN CRISTOBAL,46055,IVÁN CEPEDA CASTRO,28588,62.07,ABELARDO DE LA ESPRIELLA,10668,23.16,17920,38.91,Seguro
UPZ81,GRAN BRITALIA,KENNEDY,44606,IVÁN CEPEDA CASTRO,22981,51.52,ABELARDO DE LA ESPRIELLA,14471,32.44,8510,19.08,Competido
UPZ112,GRANJAS DE TECHO,FONTIBON,44066,ABELARDO DE LA ESPRIELLA,21735,49.32,IVÁN CEPEDA CASTRO,11776,26.72,9959,22.6,Seguro
UPZ86,EL PORVENIR,BOSA,44028,IVÁN CEPEDA CASTRO,25738,58.46,ABELARDO DE LA ESPRIELLA,11880,26.98,13858,31.48,Seguro
UPZ43,SAN RAFAEL,PUENTE ARANDA,43024,ABELARDO DE LA ESPRIELLA,18854,43.82,IVÁN CEPEDA CASTRO,15876,36.9,2978,6.92,Competido
UPZ87,TINTAL SUR,BOSA,42399,IVÁN CEPEDA CASTRO,25385,59.87,ABELARDO DE LA ESPRIELLA,10656,25.13,14729,34.74,Seguro
UPZ16,SANTA BARBARA,USAQUEN,42049,ABELARDO DE LA ESPRIELLA,26866,63.89,PALOMA VALENCIA LASERNA,8564,20.37,18302,43.53,Seguro
UPZ45,CARVAJAL,KENNEDY,41922,IVÁN CEPEDA CASTRO,18311,43.68,ABELARDO DE LA ESPRIELLA,16182,38.6,2129,5.08,Competido
UPZ58,COMUNEROS,USME,41173,IVÁN CEPEDA CASTRO,25504,61.94,ABELARDO DE LA ESPRIELLA,10001,24.29,15503,37.65,Seguro
UPZ44,AMERICAS,KENNEDY,41135,ABELARDO DE LA ESPRIELLA,17859,43.42,IVÁN CEPEDA CASTRO,14834,36.06,3025,7.35,Competido
UPZ14,USAQUEN,USAQUEN,40813,ABELARDO DE LA ESPRIELLA,23217,56.89,PALOMA VALENCIA LASERNA,7568,18.54,15649,38.34,Seguro
UPZ97,CHICO LAGO,CHAPINERO,39865,ABELARDO DE LA ESPRIELLA,20777,52.12,PALOMA VALENCIA LASERNA,8291,20.8,12486,31.32,Seguro
UPZ22,DOCE DE OCTUBRE,BARRIOS UNIDOS,39649,ABELARDO DE LA ESPRIELLA,17644,44.5,IVÁN CEPEDA CASTRO,13441,33.9,4203,10.6,Competido
UPZ17,SAN JOSE DE BAVARIA,SUBA,37740,ABELARDO DE LA ESPRIELLA,19464,51.57,IVÁN CEPEDA CASTRO,9403,24.92,10061,26.66,Seguro
UPZ19,EL PRADO,SUBA,37486,ABELARDO DE LA ESPRIELLA,20443,54.54,IVÁN CEPEDA CASTRO,7881,21.02,12562,33.51,Seguro
UPZ10,LA URIBE,USAQUEN,36464,ABELARDO DE LA ESPRIELLA,17454,47.87,IVÁN CEPEDA CASTRO,10391,28.5,7063,19.37,Competido
UPZ15,COUNTRY CLUB,USAQUEN,35244,ABELARDO DE LA ESPRIELLA,21202,60.16,PALOMA VALENCIA LASERNA,6458,18.32,14744,41.83,Seguro
UPZ41,MUZU,PUENTE ARANDA,35070,ABELARDO DE LA ESPRIELLA,14804,42.21,IVÁN CEPEDA CASTRO,13841,39.47,963,2.75,Empate técnico
UPZ79,CALANDAIMA,KENNEDY,34965,IVÁN CEPEDA CASTRO,16991,48.59,ABELARDO DE LA ESPRIELLA,11815,33.79,5176,14.8,Competido
UPZ33,SOSIEGO,SAN CRISTOBAL,34865,IVÁN CEPEDA CASTRO,18538,53.17,ABELARDO DE LA ESPRIELLA,10426,29.9,8112,23.27,Seguro
UPZ54,MARRUECOS,RAFAEL URIBE URIBE,33285,IVÁN CEPEDA CASTRO,18344,55.11,ABELARDO DE LA ESPRIELLA,9720,29.2,8624,25.91,Seguro
UPZ102,LA SABANA,LOS MARTIRES,30922,ABELARDO DE LA ESPRIELLA,13660,44.18,IVÁN CEPEDA CASTRO,12180,39.39,1480,4.79,Empate técnico
UPZ53,MARCO FIDEL SUAREZ,RAFAEL URIBE URIBE,30591,IVÁN CEPEDA CASTRO,17085,55.85,ABELARDO DE LA ESPRIELLA,8698,28.43,8387,27.42,Seguro
UPZ62,TUNJUELITO,TUNJUELITO,30518,IVÁN CEPEDA CASTRO,15200,49.81,ABELARDO DE LA ESPRIELLA,10485,34.36,4715,15.45,Competido
UPZ21,LOS ANDES,BARRIOS UNIDOS,29902,ABELARDO DE LA ESPRIELLA,15074,50.41,IVÁN CEPEDA CASTRO,7672,25.66,7402,24.75,Seguro
UPZ100,GALERIAS,TEUSAQUILLO,29841,IVÁN CEPEDA CASTRO,12170,40.78,ABELARDO DE LA ESPRIELLA,11097,37.19,1073,3.6,Empate técnico
UPZ110,CIUDAD SALITRE OCCIDENTAL,FONTIBON,29102,ABELARDO DE LA ESPRIELLA,14415,49.53,IVÁN CEPEDA CASTRO,6867,23.6,7548,25.94,Seguro
UPZ99,CHAPINERO,CHAPINERO,28954,IVÁN CEPEDA CASTRO,11383,39.31,ABELARDO DE LA ESPRIELLA,9957,34.39,1426,4.93,Empate técnico
UPZ20,LA ALHAMBRA,SUBA,28396,ABELARDO DE LA ESPRIELLA,16625,58.55,PALOMA VALENCIA LASERNA,5010,17.64,11615,40.9,Seguro
UPZ98,LOS ALCAZARES,BARRIOS UNIDOS,28386,ABELARDO DE LA ESPRIELLA,13035,45.92,IVÁN CEPEDA CASTRO,9708,34.2,3327,11.72,Competido
UPZ113,BAVARIA,KENNEDY,27537,ABELARDO DE LA ESPRIELLA,12177,44.22,IVÁN CEPEDA CASTRO,9193,33.38,2984,10.84,Competido
UPZ51,LOS LIBERTADORES,SAN CRISTOBAL,27222,IVÁN CEPEDA CASTRO,16814,61.77,ABELARDO DE LA ESPRIELLA,6320,23.22,10494,38.55,Seguro
UPZ70,JERUSALEM,CIUDAD BOLIVAR,26927,IVÁN CEPEDA CASTRO,16246,60.33,ABELARDO DE LA ESPRIELLA,6777,25.17,9469,35.17,Seguro
UPZ55,DIANA TURBAY,RAFAEL URIBE URIBE,26868,IVÁN CEPEDA CASTRO,16074,59.83,ABELARDO DE LA ESPRIELLA,6977,25.97,9097,33.86,Seguro
UPZ18,BRITALIA,SUBA,26002,ABELARDO DE LA ESPRIELLA,13542,52.08,IVÁN CEPEDA CASTRO,6294,24.21,7248,27.87,Seguro
UPZ114,MODELIA,FONTIBON,25951,ABELARDO DE LA ESPRIELLA,13289,51.21,IVÁN CEPEDA CASTRO,6449,24.85,6840,26.36,Seguro
UPZ31,SANTA CECILIA,ENGATIVA,25520,ABELARDO DE LA ESPRIELLA,11562,45.31,IVÁN CEPEDA CASTRO,8366,32.78,3196,12.52,Competido
UPZ94,LA CANDELARIA,CANDELARIA,24142,IVÁN CEPEDA CASTRO,13162,54.52,ABELARDO DE LA ESPRIELLA,6830,28.29,6332,26.23,Seguro
UPZ49,APOGEO,BOSA,23668,IVÁN CEPEDA CASTRO,11801,49.86,ABELARDO DE LA ESPRIELLA,8031,33.93,3770,15.93,Competido
UPZ36,SAN JOSE,RAFAEL URIBE URIBE,23521,IVÁN CEPEDA CASTRO,10770,45.79,ABELARDO DE LA ESPRIELLA,8391,35.67,2379,10.11,Competido
UPZ25,LA FLORESTA,SUBA,23238,ABELARDO DE LA ESPRIELLA,12759,54.91,IVÁN CEPEDA CASTRO,4450,19.15,8309,35.76,Seguro
UPZ68,EL TESORO,CIUDAD BOLIVAR,23167,IVÁN CEPEDA CASTRO,14590,62.98,ABELARDO DE LA ESPRIELLA,5335,23.03,9255,39.95,Seguro
UPZ56,DANUBIO,USME,23019,IVÁN CEPEDA CASTRO,13758,59.77,ABELARDO DE LA ESPRIELLA,5896,25.61,7862,34.15,Seguro
UPZ88,EL REFUGIO,CHAPINERO,22760,ABELARDO DE LA ESPRIELLA,12619,55.44,PALOMA VALENCIA LASERNA,6319,27.76,6300,27.68,Seguro
UPZ32,SAN BLAS,SAN CRISTOBAL,22109,IVÁN CEPEDA CASTRO,13168,59.56,ABELARDO DE LA ESPRIELLA,5490,24.83,7678,34.73,Seguro
UPZ101,TEUSAQUILLO,TEUSAQUILLO,19700,IVÁN CEPEDA CASTRO,9135,46.37,ABELARDO DE LA ESPRIELLA,6369,32.33,2766,14.04,Competido
UPZ106,LA ESMERALDA,TEUSAQUILLO,19661,ABELARDO DE LA ESPRIELLA,9251,47.05,IVÁN CEPEDA CASTRO,5535,28.15,3716,18.9,Competido
UPZ93,LAS NIEVES,SANTA FE,18926,IVÁN CEPEDA CASTRO,9732,51.42,ABELARDO DE LA ESPRIELLA,5901,31.18,3831,20.24,Seguro
UPZ11,SAN CRISTOBAL NORTE,USAQUEN,18600,ABELARDO DE LA ESPRIELLA,7689,41.34,IVÁN CEPEDA CASTRO,7197,38.69,492,2.65,Empate técnico
UPZ78,TINTAL NORTE,KENNEDY,17588,IVÁN CEPEDA CASTRO,7589,43.15,ABELARDO DE LA ESPRIELLA,6670,37.92,919,5.23,Competido
UPZ37,SANTA ISABEL,LOS MARTIRES,17529,ABELARDO DE LA ESPRIELLA,8163,46.57,IVÁN CEPEDA CASTRO,6309,35.99,1854,10.58,Competido
UPZ35,CIUDAD JARDIN,ANTONIO NARIÑO,16640,IVÁN CEPEDA CASTRO,7057,42.41,ABELARDO DE LA ESPRIELLA,6775,40.72,282,1.69,Empate técnico
UPZ59,ALFONSO LOPEZ,USME,14437,IVÁN CEPEDA CASTRO,9266,64.18,ABELARDO DE LA ESPRIELLA,3320,23.0,5946,41.19,Seguro
UPZ104,PARQUE SIMON BOLIVAR - CAN,TEUSAQUILLO,13154,ABELARDO DE LA ESPRIELLA,4793,36.44,IVÁN CEPEDA CASTRO,4785,36.38,8,0.06,Empate técnico
UPZ90,PARDO RUBIO,CHAPINERO,13010,IVÁN CEPEDA CASTRO,4509,34.66,ABELARDO DE LA ESPRIELLA,4254,32.7,255,1.96,Empate técnico
UPZ76,FONTIBON SAN PABLO,FONTIBON,12984,IVÁN CEPEDA CASTRO,6795,52.33,ABELARDO DE LA ESPRIELLA,4040,31.12,2755,21.22,Seguro
UPZ107,QUINTA PAREDES,TEUSAQUILLO,12753,ABELARDO DE LA ESPRIELLA,5028,39.43,IVÁN CEPEDA CASTRO,4611,36.16,417,3.27,Empate técnico
UPZ96,LOURDES,SANTA FE,12625,IVÁN CEPEDA CASTRO,8073,63.94,ABELARDO DE LA ESPRIELLA,2631,20.84,5442,43.1,Seguro
UPZ61,CIUDAD USME,USME,12240,IVÁN CEPEDA CASTRO,8005,65.4,ABELARDO DE LA ESPRIELLA,2669,21.81,5336,43.59,Seguro
UPZ116,ALAMOS,ENGATIVA,11861,ABELARDO DE LA ESPRIELLA,4671,39.38,IVÁN CEPEDA CASTRO,4590,38.7,81,0.68,Empate técnico
UPZ12,TOBERIN,USAQUEN,11442,ABELARDO DE LA ESPRIELLA,5567,48.65,IVÁN CEPEDA CASTRO,3200,27.97,2367,20.69,Seguro
UPZ80,CORABASTOS,KENNEDY,10757,IVÁN CEPEDA CASTRO,4787,44.5,ABELARDO DE LA ESPRIELLA,4180,38.86,607,5.64,Competido
UPZ109,CIUDAD SALITRE ORIENTAL,TEUSAQUILLO,10485,ABELARDO DE LA ESPRIELLA,5436,51.85,IVÁN CEPEDA CASTRO,2122,20.24,3314,31.61,Seguro
UPZ91,SAGRADO CORAZON,SANTA FE,9516,IVÁN CEPEDA CASTRO,4684,49.22,ABELARDO DE LA ESPRIELLA,2599,27.31,2085,21.91,Seguro
UPZ95,LAS CRUCES,SANTA FE,9065,IVÁN CEPEDA CASTRO,5126,56.55,ABELARDO DE LA ESPRIELLA,2575,28.41,2551,28.14,Seguro
UPZ105,JARDIN BOTANICO,ENGATIVA,7516,ABELARDO DE LA ESPRIELLA,3518,46.81,IVÁN CEPEDA CASTRO,2269,30.19,1249,16.62,Competido
UPZ111,PUENTE ARANDA,PUENTE ARANDA,7069,ABELARDO DE LA ESPRIELLA,3124,44.19,IVÁN CEPEDA CASTRO,2709,38.32,415,5.87,Competido
UPZ83,LAS MARGARITAS,KENNEDY,5924,IVÁN CEPEDA CASTRO,3141,53.02,ABELARDO DE LA ESPRIELLA,1801,30.4,1340,22.62,Seguro
UPZ52,LA FLORA,USME,5687,IVÁN CEPEDA CASTRO,3659,64.34,ABELARDO DE LA ESPRIELLA,1184,20.82,2475,43.52,Seguro
UPZ108,ZONA INDUSTRIAL,PUENTE ARANDA,5581,ABELARDO DE LA ESPRIELLA,2447,43.85,IVÁN CEPEDA CASTRO,2255,40.4,192,3.44,Empate técnico
UPR3,UPR RIO TUNJUELO,CIUDAD BOLIVAR,4903,IVÁN CEPEDA CASTRO,3150,64.25,ABELARDO DE LA ESPRIELLA,1121,22.86,2029,41.38,Seguro
UPZ92,LA MACARENA,SANTA FE,4760,IVÁN CEPEDA CASTRO,2601,54.64,ABELARDO DE LA ESPRIELLA,1241,26.07,1360,28.57,Seguro
UPZ89,SAN ISIDRO - PATIOS,CHAPINERO,4276,IVÁN CEPEDA CASTRO,2357,55.12,ABELARDO DE LA ESPRIELLA,1172,27.41,1185,27.71,Seguro
UPZ115,CAPELLANIA,FONTIBON,3608,IVÁN CEPEDA CASTRO,1449,40.16,ABELARDO DE LA ESPRIELLA,1449,40.16,0,0.0,Empate técnico
UPR1,UPR ZONA NORTE,SUBA,3436,ABELARDO DE LA ESPRIELLA,1629,47.41,IVÁN CEPEDA CASTRO,1094,31.84,535,15.57,Competido
UPZ103,PARQUE SALITRE,BARRIOS UNIDOS,2739,ABELARDO DE LA ESPRIELLA,1102,40.23,IVÁN CEPEDA CASTRO,858,31.33,244,8.91,Competido
UPZ1,PASEO DE LOS LIBERTADORES,USAQUEN,2287,ABELARDO DE LA ESPRIELLA,1091,47.7,IVÁN CEPEDA CASTRO,727,31.79,364,15.92,Competido
UPZ3,GUAYMARAL,SUBA,1850,ABELARDO DE LA ESPRIELLA,1215,65.68,IVÁN CEPEDA CASTRO,247,13.35,968,52.32,Seguro
UPR5,UPR RIO SUMAPAZ,SUMAPAZ,1107,IVÁN CEPEDA CASTRO,1080,97.56,ABELARDO DE LA ESPRIELLA,14,1.26,1066,96.3,Seguro
UPR4,UPR RIO BLANCO,SUMAPAZ,1052,IVÁN CEPEDA CASTRO,584,55.51,ABELARDO DE LA ESPRIELLA,325,30.89,259,24.62,Seguro
